{"data": [{"column": "aet(mm)", "stats": {"mean": 89.25653846153847, "std": 37.61153642451868}, "iqr_outliers": [], "zscore_outliers": [], "distribution_fit": {"params": [89.25653846153847, 37.58741873276363], "fit": [0.009220093223156962, 0.009220093223156962, 0.009033400915126336, 0.010011849725307111, 0.010317486769922475, 0.010240553627516826, 0.010552087388436902, 0.0015398393070387068, 0.0091278524447079, 0.005644055134220338, 0.007727871924038656, 0.009033400915126336, 0.008501034578950309, 0.010002716993761852, 0.008752148326279383, 0.010594829724605912, 0.010378568499734559, 0.004173390105956913, 0.009688180227489549, 0.005373344745142635, 0.002070496043613696, 0.005509402192140759, 0.010607912182418529, 0.005509402192140759, 0.009047026020407972, 0.008364092664363013, 0.003963566647297146, 0.010065325271656595, 0.010611642470073556, 0.009321040834251974, 0.0018686518340520876, 0.007327464380904354, 0.002090480790659283, 0.0028021889442808633, 0.007612747706771842, 0.007430085146934738, 0.007496738015217281, 0.009193969381257907, 0.008992266699139034, 0.010407631002738548, 0.01057868408101873, 0.00955208129297188, 0.003993222001333436, 0.001850185243028649, 0.0022341088571667185, 0.007546558880372403, 0.008894809999502729, 0.006718922516299124, 0.007906766555792531, 0.009335300808831912, 0.01050700836464554, 0.010074016021467133, 0.00919225479961571, 0.010210859619362368, 0.0022341088571667185, 0.0036023223768962445, 0.010428996766940118, 0.005593475800783281, 0.010348469507691265, 0.008035143907730484, 0.007195012769803717, 0.009141167087398101, 0.008364092664363013, 0.010510945815968576, 0.0071590224121278, 0.004576102569109689, 0.0009347521579806907, 0.0015479045995517489, 0.0030761015223232115, 0.0089489312657432, 0.0096339069738724, 0.008880722667040084, 0.007842016830480497, 0.00932269314696313, 0.009060607544613714, 0.010600779620802026, 0.01057868408101873, 0.004249560089980598, 0.006665387623869411, 0.009742527689521835, 0.009906709509242615, 0.005610324723994105, 0.008809684581829411, 0.009114492682304189, 0.00907414522991338, 0.010099704392447341, 0.009087638819022213, 0.010594829724605912, 0.010594829724605912, 0.010131979464451015, 0.010390863134588217, 0.004639446804855214, 0.008284887566623877, 0.005358851256215887, 0.00997494512428318, 0.007727871924038656, 0.0070257012321834535, 0.010047752899398198, 0.008410028813198115, 0.010255932476367191, 0.010439252743407268, 0.010098596688353757, 0.005591273298464868, 0.0037734975142614123, 0.00339436258648895, 0.005677827583941951, 0.010438590882422858, 0.005898256866041673, 0.0082558362038734, 0.01042376188699643, 0.009599817868828115, 0.00441930981858568, 0.0013628398846121758, 0.010378568499734559, 0.00647708771431724, 0.0009292829225581704, 0.0010677363478966088, 0.009916465631283263, 0.009408300040520758, 0.005813304247791667, 0.005358851256215887, 0.00873766845670211, 0.009446530470659645, 0.009867082486454409, 0.005930064439415823, 0.002171752486176497, 0.0012150816131394975, 0.010576358263527959, 0.010342240580529214, 0.010571811482247733, 0.00866278708953656, 0.007110482106687349, 0.006205397905756312, 0.00947069019349206, 0.009233084937463932, 0.009917736951890571, 0.009019732487136315, 0.006562706674496604, 0.002161476747918886, 0.00097943129292395, 0.010489972441485603, 0.004205772858518263, 0.006359443659792242, 0.005576638006259828, 0.005325543531996272, 0.008035143907730484, 0.007127409310709243, 0.008723150799832116, 0.0091278524447079, 0.010148281221315189, 0.009677141681085548, 0.0014074587269671175, 0.008485949008837129, 0.009284577922172205, 0.01058311252401149, 0.004898285423125935, 0.006034549331174448, 0.00873766845670211, 0.008286916118055428, 0.01018112116818922, 0.010141228283326722, 0.01061255509548527, 0.008922862267325924, 0.004249560089980598, 0.006682491085588426, 0.00936036854381314, 0.009004224783796767, 0.005475856333328663, 0.005694729053358863, 0.00972237586539227, 0.009446530470659645, 0.009271776254471483, 0.009858344548251264, 0.00221318962272678, 0.009586841744684512, 0.010607789450370537, 0.010612935595927702, 0.004328371364245885, 0.0066334087008032274, 0.00727926015610899, 0.00606868215713861, 0.008455678580096184, 0.008664707667145026, 0.008315856797903087, 0.009622598619143347, 0.00858889185949381, 0.0028372343429197756, 0.0039045833460878768, 0.004767158017294588, 0.004054812535736989, 0.005949317841636215, 0.006564945473565179, 0.006273840607123604, 0.00907414522991338, 0.008364092664363013, 0.009838069131664889, 0.010522320149449465, 0.01060694104977941, 0.0023842949657301915, 0.005557612010138183, 0.003919287978841539, 0.004530882585762114, 0.008880722667040084, 0.007874436610542488, 0.007546558880372403, 0.008823971505857096, 0.008679373788468253, 0.0096339069738724, 0.0070743810920560635, 0.0063400807296709666, 0.00852914305206122, 0.0016984655702907043, 0.008206951504082136, 0.00451516567749079, 0.003328331326434454, 0.007939004462995673, 0.005358851256215887, 0.009409906852931874, 0.008936826676555857, 0.009482692536627512, 0.010074016021467133, 0.005423445493551616, 0.002070496043613696, 0.0103607186148714, 0.007496738015217281, 0.006427947297559847, 0.0082558362038734, 0.006256725911905283, 0.005898256866041673, 0.01013305331381923, 0.007093544895039971, 0.010591315538416829, 0.010081518413595308, 0.010611046518062524, 0.0045603214128435345, 0.0038752570939837006, 0.010310057451033257, 0.010552482957307529, 0.004024935138652174, 0.006000438594049784, 0.008146155122191964, 0.009372828129701746, 0.009541919669618051, 0.005896032583470335, 0.010277064317267331, 0.004450484584594833, 0.0050100471863319075, 0.0012218263666832526, 0.009409906852931874, 0.005576638006259828, 0.005966351746925681, 0.0053421903416899135, 0.009033400915126336, 0.009141167087398101, 0.010211847308242691, 0.009667501264793809, 0.010458906579246254, 0.0028865431202483144, 0.010585215055673385, 0.004450484584594833, 0.008852426923709406, 0.009180837755803733, 0.010558375442320552, 0.00936036854381314, 0.0070257012321834535, 0.010463640659398516, 0.0089784698584803, 0.010384378288836803, 0.010612609121672296, 0.006938477298548141, 0.0035882481588882863, 0.003934020143758587, 0.006667624422290336, 0.00972237586539227, 0.010188902201140762, 0.008780993632847692, 0.009114492682304189, 0.009087638819022213, 0.009397597525673361, 0.010463025674652043, 0.002395273930989293, 0.009244339449282003, 0.000815272506297521, 0.004735105443388505, 0.0016556125855919685, 0.00727926015610899, 0.010591315538416829, 0.00697472626474454, 0.008394748218619937, 0.010056570837878758, 0.010361509805207697, 0.010240553627516826, 0.010116508320910687, 0.010218383528662412, 0.010433489226565132, 0.004751121515079098, 0.007758452103821995, 0.005559811544922196, 0.006034549331174448, 0.006530701940601859, 0.008394748218619937, 0.0089784698584803, 0.007496738015217281, 0.010091205758121335, 0.01038513283618977, 0.009257242848877316, 0.009964332568055094, 0.000815272506297521, 0.009246029513648779, 0.005242527721169199, 0.00756313223776919, 0.006462200895535163, 0.006923680075301702, 0.008410028813198115, 0.008780993632847692, 0.009858344548251264, 0.008633336330814112, 0.0011752131251049087, 0.0008656173320650723, 0.009956121037967875, 0.010323137869019266, 0.009795446547359147, 0.006530701940601859, 0.0070257012321834535, 0.006889613173345603, 0.009233084937463932, 0.008485949008837129, 0.0097546214604704, 0.010560844217561097, 0.0020211156735192326, 0.0070743810920560635, 0.000815272506297521, 0.003616426200919226, 0.008892970118024845, 0.01057898272803631, 0.010525492806604144, 0.006154098931838559, 0.009141167087398101, 0.008224639992608623, 0.010099704392447341, 0.009848236475300004, 0.0034491521371576455, 0.00484764140715227, 0.010379332231981887, 0.01051811013488654, 0.010476824089709602, 0.007296072713345566, 0.006564945473565179, 0.006599181720844103, 0.008066991610460785, 0.006770183985372072, 0.00936036854381314, 0.010226810808698352, 0.010055421328239394, 0.004450484584594833,