{"data": [{"column": "tmax(degC)", "stats": {"mean": 29.435935897435897, "std": 1.8601028367484638}, "iqr_outliers": [23.99, 23.99, 23.35], "zscore_outliers": [23.35], "distribution_fit": {"params": [29.435935897435897, 1.8589100807189556], "fit": [0.156044879555611, 0.07984427765714357, 0.12910694333492018, 0.20878991869251565, 0.06702816764980099, 0.08094293056375357, 0.16188214296175618, 0.08525288507643113, 0.21258638661036428, 0.193114302725154, 0.20392694495091485, 0.20172914860949112, 0.20528657890227195, 0.16905945620305834, 0.18812743177515784, 0.19452617964886737, 0.08155211387015575, 0.05032629252562915, 0.21420721428036066, 0.20461747505897454, 0.1249083257289598, 0.09106350552996387, 0.06280976862230526, 0.0601946725503581, 0.21211967639159013, 0.1752061047813051, 0.11585899976868083, 0.21208693223704173, 0.02524458836703726, 0.1518688742118274, 0.16188214296175618, 0.19670575907833507, 0.10626258371592728, 0.025297221408661783, 0.21460296837543527, 0.16069332941333694, 0.1891581830609785, 0.1513161774801781, 0.1972268121804852, 0.21395052551549165, 0.11850300118919078, 0.038884985815219965, 0.17747283099752073, 0.09106350552996387, 0.1764007272491604, 0.13190777041004664, 0.1639557889921037, 0.13120761359107275, 0.2093523252516296, 0.13050739634768502, 0.11103579082242551, 0.21026675687848898, 0.046288732043944694, 0.04085228319642482, 0.0029371314244274077, 0.18854829303565931, 0.20248254007121694, 0.18538015643477987, 0.11447651264236612, 0.09106350552996387, 0.1958973506659526, 0.17580494508693129, 0.1361051345768257, 0.20392694495091485, 0.07323241420597168, 0.021790623466870048, 0.20650199901192295, 0.16003477500631427, 0.18655133268673216, 0.06658189139960884, 0.14306803606275867, 0.1277067346821739, 0.09429376382779754, 0.14858405333014227, 0.14445261901177156, 0.18708064026173538, 0.10478319957144004, 0.03304307600920987, 0.09876534023484503, 0.20979760434359332, 0.19968045311029195, 0.2126157527671407, 0.20495471949767982, 0.19544487900745372, 0.21208693223704173, 0.19017256696368065, 0.2074020261692234, 0.21395052551549165, 0.09678676531311152, 0.1463939365724118, 0.09678676531311152, 0.21353996242748857, 0.2004863750360371, 0.18655133268673216, 0.19452617964886737, 0.2042748739496849, 0.19634518772327378, 0.1781692764299543, 0.18548110241079857, 0.2141938710834549, 0.1310765506537569, 0.16512541925217217, 0.09030332843767054, 0.1738858936427436, 0.20587436065856085, 0.16134992444831428, 0.14306803606275867, 0.11309742958383179, 0.2127408192791343, 0.18384735116341613, 0.19358938827136452, 0.18439566583537573, 0.21344454809666555, 0.01871746459723597, 0.1525476170623383, 0.19067351997894685, 0.1665266156472638, 0.0508756325139069, 0.17990869316773156, 0.12700682205153133, 0.21356136244550358, 0.16330749240548273, 0.16134992444831428, 0.1436311421929211, 0.015999278036915046, 0.11642176533017563, 0.16253506849947022, 0.19490174775607458, 0.17266645215795295, 0.16524576643249692, 0.06387440566818707, 0.14721098320650094, 0.20392694495091485, 0.09106350552996387, 0.11585899976868083, 0.197145101486499, 0.12897588283117267, 0.04672626565588238, 0.2020378168528179, 0.14570461997492692, 0.10155046553192784, 0.2100350886954631, 0.20357371725731627, 0.18601813942925746, 0.16330749240548273, 0.17093238885345852, 0.16524576643249692, 0.18601813942925746, 0.19581300870939639, 0.1303763266332527, 0.09352268512303757, 0.13806906949084977, 0.20619092447416612, 0.19406002660726587, 0.21385709380735368, 0.1458337195749816, 0.2145453389069155, 0.20960030115180825, 0.20745652074426804, 0.11919808264417622, 0.032700530542571875, 0.0029371314244274077, 0.11090745400818225, 0.18591790825131577, 0.20461747505897454, 0.19350079915783125, 0.1911702602532216, 0.1739994299150465, 0.21007889527637721, 0.20321522047300744, 0.13680371027235638, 0.13667297990425614, 0.17509367802111006, 0.2104925890617683, 0.09417202409624494, 0.11503797477028674, 0.21367205718364832, 0.21007889527637721, 0.20593403126666934, 0.20357371725731627, 0.17093238885345852, 0.10694098103736832, 0.12141730510484196, 0.12910694333492018, 0.06981059255162432, 0.09287513574904444, 0.015042657930522724, 0.06324117373178617, 0.18854829303565931, 0.19975672229184313, 0.21175895934224592, 0.21075308894119527, 0.21443186868263678, 0.20134476447257488, 0.2141334198893476, 0.21153355002726124, 0.04206550923871009, 0.06324117373178617, 0.1738858936427436, 0.18750798072922564, 0.2068075579726289, 0.21342200372014175, 0.1989328598493951, 0.2085739377814772, 0.21443186868263678, 0.14306803606275867, 0.18760602045104496, 0.19535967363481666, 0.050788760553448116, 0.05458792415553626, 0.029103346642040093, 0.18645182417751824, 0.2145453389069155, 0.21385709380735368, 0.2100350886954631, 0.20528657890227195, 0.2132979374584829, 0.2062495696227879, 0.2126157527671407, 0.20127224990576825, 0.06647936273768465, 0.024687435734754556, 0.10613573936862376, 0.15991129316054928, 0.07674196747034764, 0.2130315257107724, 0.20555233430050474, 0.19166274802417624, 0.20489200305697539, 0.13260782585098227, 0.12351075375770554, 0.20769088502073207, 0.08902879556328298, 0.09030332843767054, 0.21007889527637721, 0.19885475090905447, 0.18601813942925746, 0.13889690489672676, 0.20134476447257488, 0.1896674412311124, 0.19934724988978283, 0.11172202691730881, 0.09559835907760454, 0.21444058034235805, 0.10478319957144004, 0.09030332843767054, 0.2042748739496849, 0.07852863518539968, 0.21071256589974285, 0.1580478160997331, 0.19975672229184313, 0.16842996825684742, 0.2062495696227879, 0.12840678839489475, 0.19263480834532873, 0.15118877603612954, 0.05410338614817024, 0.031026867101165444, 0.033736040267228276, 0.20960030115180825, 0.10885561139129288, 0.16588735510334743, 0.2141938710834549, 0.20686413741644089, 0.21444058034235805, 0.18708064026173538, 0.11378652822703439, 0.19975672229184313, 0.13806906949084977, 0.022811665790811092, 0.1303763266332527, 0.20455375378913124, 0.10545882704640325, 0.18655133268673216, 0.2140378039173008, 0.19808946393057247, 0.21457075637921325, 0.20495471949767982, 0.12700682205153133, 0.21365180337586998, 0.203861230167271, 0.007278693789937811, 0.02386949635030017, 0.21438165028022055, 0.1605702092027758, 0.20979760434359332, 0.16716350202276753, 0.21443186868263678, 0.19498780961000886, 0.20528657890227195, 0.20495471949767982, 0.20241290498711856, 0.09482312738172301, 0.050788760553448116, 0.17266645215795295, 0.19968045311029195, 0.20241290498711856, 0.20802651874588746, 0.21245641338609914, 0.21190844316006838, 0.2129163045807617, 0.19263480834532873, 0.21075308894119527, 0.21305749107084293, 0.12617613793768007, 0.006229268128086574, 0.11572947630551794, 0.10613573936862376, 0.14432317849050025, 0.21448344367971336, 0.2143252411947618, 0.17031071231083744, 0.20830306245184763, 0.11378652822703439, 0.15871197232061665, 0.15050736787864466, 0.18207546768633853, 0.03927298925381469, 0.20522487256782793, 0.05655349234064492, 0.20314753421582785, 0.075085951691003, 0.20830306245184763, 0.21451371654730794, 0.20802651874588746, 0.18161778268127673, 0.1540272044451056, 0.21258638661036428, 0.1450143524940156, 0.021790623466870048, 0.0555652330669869, 0.10545882704640325, 0.19927005764331876, 0.1451436267014331, 0.08044941276961579, 0.03818853468401249, 0.1580478160997331, 0.16588735510334743, 0.19934724988978283, 0.1896674412311124, 0.1831916367966574, 0.09352268512303757, 0.10009232628545224, 0.19670575907833507, 0.16640713840778032, 0.20960030115180825, 0.10288993389388759, 0.19452617964886737, 0.20745652074426804, 0.21332162424348428, 0.18161778268127673, 0.21461034135115895, 0.016395426996482547, 0.03661389508466417, 0.1895724316926616, 0.09352268512303757, 0.16640713840778032, 0.20321522047300744, 0.13750189226801318, 0.1972268121804852, 0.16524576643249692, 0.1911702602532216, 0.076261505501003, 0.19166274802417624, 0.017844527372759024, 0.03443955024161715, 0.018276842576586162, 0.20321522047300744, 0.21030947257396074, 0.18161778268127673, 0.1277067346821739, 