{"data": [{"column": "ppt(mm)", "stats": {"mean": 119.50205128205128, "std": 82.03315461050114}, "iqr_outliers": [361.4, 353.7, 421.4, 346.5, 378.1, 344.0, 424.4, 359.5, 350.0, 446.1, 365.8, 345.0, 394.3], "zscore_outliers": [421.4, 378.1, 424.4, 446.1, 365.8, 394.3], "distribution_fit": {"params": [119.50205128205128, 81.98055238988827], "fit": [0.0031414858528134417, 0.0014137877683623866, 0.004806410523717067, 0.004851022398518663, 0.004055449495348794, 0.004302027392380038, 0.0042107280577244055, 0.0018379583636612279, 0.004844316064173727, 0.0043780709949835656, 0.004858642478770453, 0.0004322468080264403, 0.0021630086073166476, 0.00262106325937078, 0.004286416859804964, 0.004265084578698424, 0.004283672313324581, 0.0028140747642738948, 0.0041772537045254455, 0.0032557010733878693, 0.002374740864909182, 0.004738712824912381, 0.004646902936632606, 0.0027460455951797045, 0.0005901543248021775, 0.0012466750826716738, 0.002004026533645441, 0.004798846272206029, 0.004863042226531621, 0.003319626469594189, 0.0021226987915176567, 0.0036389933308262437, 0.0023608737034091984, 0.0037329531305321175, 0.00486366938790851, 0.0037329531305321175, 0.0032843001630826355, 0.002298930308645367, 0.0039548681599194035, 0.0028897397320505336, 0.004304630339274102, 0.0038823922830103445, 0.002702945370016924, 0.0022168794997693407, 0.002402548426675632, 0.00485372657472602, 0.004863255835653994, 0.003435939617837584, 0.0037626883177911494, 0.004789720365509342, 0.004335485623921104, 0.004835078489961061, 0.003929775194362867, 0.004742626280888091, 0.0019618930459387, 0.002727990111583556, 0.004716484002475288, 0.004278493756262049, 0.004043348626085816, 0.002007417583176817, 0.0005946031647112732, 0.002046684992391412, 0.004723653198917358, 0.004363142572808682, 0.0032983564158243907, 0.0029867900008719293, 0.0018192336696694024, 0.0021561551079584116, 0.0027065211447880864, 0.004058311984394933, 0.004838965799327295, 0.004864385691356169, 0.003926768034414587, 0.0001577167581353436, 0.00485761197502323, 0.003988707191194084, 0.004485346836319442, 0.0029147871692783243, 0.0035227002951686128, 0.00423268932573339, 0.004288940523545192, 0.004740041943402737, 0.004864704461747605, 0.0010995615657000922, 0.0012592635570270363, 0.002476124348075971, 0.004824243195310343, 0.004561186365870801, 0.004857962680218264, 0.004163121450439686, 0.00415755538444977, 0.0021561551079584116, 0.0037756991973411183, 0.0037560992163983204, 0.004325279001904986, 0.00019230891762614643, 0.00481008216577116, 0.003895229139319533, 0.004618631002042637, 0.004703269323210181, 0.0037096792023627906, 0.0036050401643331234, 0.003130580932056189, 0.0028248543843767972, 0.002767408132468956, 0.0040614153885254155, 0.0038950990784116695, 0.004509395804182171, 6.260524941351332e-05, 0.002274933042029783, 0.004735979347545816, 0.002468960957302575, 0.0019651199373340654, 0.004409459611214582, 0.0035088686152932704, 0.0018536335649261772, 0.001939371887933382, 0.004302027392380038, 0.004174435843407352, 0.003628969746741722, 0.00016754100876380606, 0.004625865582766907, 0.004584785013270698, 0.004046348918760035, 0.0033160842942829543, 0.0023816836978060607, 0.002000771477794928, 0.004555153207143528, 0.004437737155260663, 0.004684828945569328, 0.004004004486074007, 0.0006172315137562795, 0.002254432603111774, 0.00475038166101822, 0.0046987468172368955, 0.004783352455370399, 0.004845993197056848, 0.00326282034299939, 0.0023228699667169708, 0.0018504933727416838, 0.0044897539936604456, 0.001800730351380591, 0.00486366938790851, 0.004796876252724177, 0.0036829292479410754, 0.0036996665621555525, 0.004265194188406025, 0.004815288080769456, 0.0048496023248601125, 0.003557147994184337, 0.00411137356335952, 0.002056417356313917, 0.004866172660099709, 0.004852842245920352, 0.004565178947198067, 0.0016168892160675274, 0.000733253377186677, 0.0020796535483320446, 0.004440153978476342, 0.004478694230707074, 0.004819497626071419, 0.004681665062220207, 0.004832373493941425, 0.002069604506040675, 0.0034287994037997586, 0.0048414150005501744, 0.004046348918760035, 0.004662212150710365, 0.00288614107327972, 8.223487584935691e-05, 0.004536737039842197, 0.00484375012657479, 0.0048144318231962855, 0.0023022244289837954, 0.004163121450439686, 0.004582851308451231, 0.004607518443244724, 0.004327942943583356, 0.0032843001630826355, 0.003985762989950849, 0.000790504809088428, 0.0032594072246691264, 0.0048294978417217785, 0.0033054509205596473, 0.004854547204146807, 0.0038083686453391514, 0.0025676776542756527, 0.00290758787346496, 0.0031377533932293827, 0.004509395804182171, 0.004747876131101627, 0.0002985216158365728, 0.00027926505871756787, 0.003888882386649559, 0.00288614107327972, 0.004771036140413912, 0.0044875532125134955, 0.004614901539225622, 0.002199948471831348, 0.003230754309296291, 0.0029003890971589026, 0.0033762798327378915, 0.004549067110515561, 0.0019266871026123382, 0.004707793775280941, 0.00470926837291826, 0.00485372657472602, 0.0034324420741685124, 0.0026886494454910694, 0.0033514523909098023, 0.003907754430603186, 0.0022168794997693407, 0.003885573762470791, 0.0035949518254466003, 0.004249080626029082, 0.0026103975253213623, 0.002950936180812276, 0.0030193302853805436, 0.004761560268389749, 0.004790799962930562, 0.004180182583258202, 0.002329765141472456, 0.002240662043305224, 0.0043998643643958675, 0.004219110032998571, 0.003348065987292755, 0.004800748965991122, 0.0003559073428390084, 5.526097164579555e-06, 0.004832344880859584, 0.004338128973455485, 0.004004004486074007, 0.00423268932573339, 0.004638215751622461, 0.003051558824344013, 0.00290758787346496, 0.004416600774505491, 0.004694165798826805, 0.004099813384264228, 0.0036694956517093515, 0.0038857042169011748, 0.004754168608246641, 0.004686401229497857, 0.003234320832271996, 0.004844897631483588, 0.0024269574319971073, 0.003062345830665781, 0.0019683492075307624, 0.004844874859125476, 0.004745291539871581, 0.004737377030287067, 0.0014575665440181378, 0.00039205513237308205, 0.004551185021212521, 0.004248969874206482, 0.0048532970366921184, 0.004683315115657975, 0.0017422406930711317, 0.004476465567678458, 0.003011985434193888, 0.004862593330998588, 0.00485613715164181, 0.004691079368284099, 0.00026258932461029635, 0.0015877565450021335, 0.0019781840583371585, 0.004838965799327295, 0.0038504052983119714, 0.004551101676996717, 0.0035674443330178025, 0.002828448342394564, 0.002939987573606539, 0.004812734123390122, 0.004833038924929623, 0.004787625281668567, 0.0010294001260013463, 0.001730203064019573, 0.004309928007662035, 0.004807329730364375, 0.003923500104868915, 0.0023539495034955765, 0.004073179201617333, 0.0017636295071645762, 0.0031341674425805007, 0.002223665179271244, 0.004841439529852675, 0.004670389384468617, 0.0011111686907543919, 0.0043805241448601805, 0.0027890840371051413, 0.0006807583012081552, 0.003577722564641376, 0.0047928112253871735, 0.004322715023444518, 0.0044283966394049355, 0.0031162295171951342, 0.0037888008596838594, 0.0030912429603212393, 0.004166072685592485, 0.0013364647799436703, 0.00023310750884494627, 0.004289048389997708, 0.003888882386649559, 0.0028933385728539987, 0.002774729514894056, 0.003358511182114349, 0.0041316575395615425, 0.0017149377727797397, 0.004850549500256614, 0.0037954687584851343, 0.004846508363386846, 0.0026459819544401185, 0.002624620369005226, 0.004111493026491433, 0.004836429562935142, 0.004799781025701481, 0.003166419482593802, 0.001866219943629385, 0.001766695897745218, 0.004806410523717067, 0.004418970581255007, 0.004262410411875673, 0.004807367292413158, 0.0003383946361616369, 0.002082962426430987, 0.0038665688508052916, 0.003567585012895149, 0.004733329648306606, 0.003801857474176064, 0.0022202713989754866, 0.0035948118219146915, 0.0017636295071645762, 0.0028572120541359484, 0.004043348626085816, 0.004680073476561375, 0.004526302304515961, 0.002706667858213147, 0.0033268525247503286, 0.0035055482353249616, 0.00440227104214077, 0.0037954687584851343, 0.0018820101599671447, 