{"data": [{"column": "ws(mps)", "stats": {"mean": 2.8273076923076927, "std": 0.5117910684629691}, "iqr_outliers": [4.3], "zscore_outliers": [], "distribution_fit": {"params": [2.8273076923076927, 0.5114628920467529], "fit": [0.19142474747266067, 0.11215737290069104, 0.09207396093888605, 0.21083836454635302, 0.5768503247462304, 0.6275538931307251, 0.39440167652108604, 0.5321177324322114, 0.7630227367287596, 0.6027041297789574, 0.43999276694692224, 0.150764981004003, 0.13043444643888769, 0.27595566661951637, 0.17320178436675607, 0.12104367489365628, 0.26063093432784135, 0.3765077413383735, 0.40343367465273583, 0.5591637806006838, 0.7711429813227605, 0.7758740086477389, 0.743968808937101, 0.19776432584472228, 0.40343367465273583, 0.06582612203391011, 0.052712798976074254, 0.06301353859367424, 0.2682351252580155, 0.3765077413383735, 0.7240694047916899, 0.46768925045480175, 0.6804293865021095, 0.7687204799860914, 0.28378992080954907, 0.09207396093888605, 0.43999276694692224, 0.055149877560364144, 0.16739343379024432, 0.03987115717008183, 0.17320178436675607, 0.29173504260082955, 0.40343367465273583, 0.3162040183591706, 0.6434559834267838, 0.5941870427124346, 0.49542175552164297, 0.13043444643888769, 0.20423576909266064, 0.05767757725752299, 0.048101771572781546, 0.05767757725752299, 0.2175712235520048, 0.2175712235520048, 0.24578112738290994, 0.3330093930474938, 0.7393671019138693, 0.5502093301071391, 0.7126836924344906, 0.150764981004003, 0.3415482036977949, 0.05767757725752299, 0.048101771572781546, 0.05036415868240801, 0.17914318331803122, 0.2682351252580155, 0.5941870427124346, 0.4584438201046173, 0.7184913076121117, 0.5680467719064414, 0.6511840042615168, 0.3162040183591706, 0.16171803522631498, 0.08840983319728475, 0.05036415868240801, 0.03800740656993105, 0.08840983319728475, 0.1454864210261989, 0.27595566661951637, 0.3765077413383735, 0.5941870427124346, 0.5229962739267066, 0.6434559834267838, 0.2682351252580155, 0.10790005460454878, 0.03987115717008183, 0.028290344079355476, 0.028290344079355476, 0.08840983319728475, 0.09207396093888605, 0.5138347118531197, 0.43999276694692224, 0.6193955670881555, 0.5768503247462304, 0.35887647834050324, 0.3162040183591706, 0.35887647834050324, 0.032847348298904656, 0.09974962740844368, 0.06301353859367424, 0.14033901532741005, 0.5768503247462304, 0.6355766668132848, 0.687286558486986, 0.7799227827788744, 0.6661552110070476, 0.7784106059913946, 0.7184913076121117, 0.7660127081165887, 0.3415482036977949, 0.5502093301071391, 0.687286558486986, 0.7265648138261442, 0.3284483261679132, 0.05143729636632882, 0.35417976652735333, 0.14269849031956525, 0.31174476196661827, 0.5453608873775593, 0.2874433036675118, 0.23469218348352885, 0.2276436134646128, 0.7483130429630949, 0.6836181641363488, 0.7612970378564706, 0.44424396512005243, 0.012353053853359558, 0.2565854230256522, 0.1532456597212145, 0.1587170408875316, 0.5180676191066811, 0.5981313575387771, 0.37173328698711583, 0.7751214803553388, 0.585566426436206, 0.5272116273070274, 0.26412594343465867, 0.05143729636632882, 0.09763696147988184, 0.1819302321898549, 0.38956065118092453, 0.49045000580647774, 0.37173328698711583, 0.589557524326845, 0.3629197547911203, 0.5363119733887666, 0.44424396512005243, 0.662190566246275, 0.7502298861986086, 0.5088876351015673, 0.03703433333136595, 0.1643209414155969, 0.38956065118092453, 0.24916490980356448, 0.09008676895661848, 0.4812072248703305, 0.31174476196661827, 0.614949263621713, 0.7792350658678372, 0.6470420340828302, 0.34551815145138554, 0.4534696386980215, 0.24916490980356448, 0.17005768100764848, 0.38956065118092453, 0.6392315767242862, 0.24916490980356448, 0.29543857766542614, 0.24916490980356448, 0.6392315767242862, 0.7393671019138693, 0.3806153302965478, 0.662190566246275, 0.2795575136380873, 0.038858365536410214, 0.26412594343465867, 0.06153943470056208, 0.2795575136380873, 0.5981313575387771, 0.6587529694819545, 0.5272116273070274, 0.7732774584720477, 0.5321177324322114, 0.6193955670881555, 0.6392315767242862, 0.44424396512005243, 0.1532456597212145, 0.6470420340828302, 0.2874433036675118, 0.20726687346950398, 0.7153922550889327, 0.7066528358482036, 0.5272116273070274, 0.7732774584720477, 0.5321177324322114, 0.6193955670881555, 0.6392315767242862, 0.44424396512005243, 0.1532456597212145, 0.6470420340828302, 0.2874433036675118, 0.20726687346950398, 0.6903856541991857, 0.721094706102187, 0.614949263621713, 0.6434559834267838, 0.6275538931307251, 0.67338316536636, 0.7732774584720477, 0.49045000580647774, 0.7033152477439747, 0.39856381868218516, 0.5088876351015673, 0.5543505261744168, 0.2565854230256522, 0.7612970378564706, 0.6939475081275268, 0.7597539483931045, 0.7294119216516028, 0.5591637806006838, 0.7779300739600247, 0.7797622612312639, 0.777289825999827, 0.5411913547187626, 0.7792350658678372, 0.4125147873902768, 0.7741647725998664, 0.5046406904524524, 0.7711429813227605, 0.29173504260082955, 0.4584438201046173, 0.43999276694692224, 0.36765668030088616, 0.7741647725998664, 0.10565825327815184, 0.19433428272048986, 0.7792350658678372, 0.17005768100764848, 0.5453608873775593, 0.7415226415105436, 0.7578796256153838, 0.5321177324322114, 0.3415482036977949, 0.6027041297789574, 0.3765077413383735, 0.6804293865021095, 0.1759274356236232, 0.7502298861986086, 0.77999158784324, 0.7751214803553388, 0.7541891938858236, 0.11416382855486022, 0.7345130211043353, 0.5680467719064414, 0.5138347118531197, 0.6275538931307251, 0.687286558486986, 0.7784106059913946, 0.7779300739600247, 0.7766729430841136, 0.5180676191066811, 0.7795559249291647, 0.614949263621713, 0.7483130429630949, 0.6275538931307251, 0.7687204799860914, 0.16171803522631498, 0.7698741794939572, 0.7795559249291647, 0.7033152477439747, 0.6546976036191766, 0.7033152477439747, 0.29543857766542614, 0.7153922550889327, 0.4350396495086097, 0.7126836924344906, 0.5768503247462304, 0.36765668030088616, 0.3501720746496088, 0.7766729430841136, 0.7779300739600247, 0.7483130429630949, 0.2276436134646128, 0.6546976036191766, 0.3284483261679132, 0.7393671019138693, 0.7523949701248849, 0.7792350658678372, 0.67338316536636, 0.36765668030088616, 0.3330093930474938, 0.7799227827788744, 0.7265648138261442, 0.6836181641363488, 0.7779300739600247, 0.7795559249291647, 0.5363119733887666, 0.7792350658678372, 0.7799227827788744, 0.7711429813227605, 0.29173504260082955, 0.7644375813685368, 0.7741647725998664, 0.39440167652108604, 0.77999158784324, 0.7660127081165887, 0.563272984412247, 0.3629197547911203, 0.1587170408875316, 0.42586321220704043, 0.5768503247462304, 0.7066528358482036, 0.6587529694819545, 0.38542452017199125, 0.2682351252580155, 0.6939475081275268, 0.687286558486986, 0.7562100308595191, 0.35417976652735333, 0.4350396495086097, 0.499679267748373, 0.77999158784324, 0.67338316536636, 0.4584438201046173, 0.36765668030088616, 0.13043444643888769, 0.40343367465273583, 0.6939475081275268, 0.7240694047916899, 0.7612970378564706, 0.2795575136380873, 0.7265648138261442, 0.7317966185511903, 0.585566426436206, 0.777289825999827, 0.5229962739267066, 0.38542452017199125, 0.3501720746496088, 0.39440167652108604, 0.7004052174227947, 0.7698741794939572, 0.7788914348502568, 0.7317966185511903, 0.687286558486986, 0.1643209414155969, 0.589557524326845, 0.3284483261679132, 0.6275538931307251, 0.5502093301071391, 0.4076192081826727, 0.6804293865021095, 0.7294119216516028, 0.6836181641363488, 0.7033152477439747, 0.3806153302965478, 0.1819302321898549, 0.3629197547911203, 0.7294119216516028, 0.7415226415105436, 0.6587529694819545, 0.5138347118531197, 0.2175712235520048, 0.5046406904524524, 0.3765077413383735, 0.5138347118531197, 0.7502298861986086, 0.22072234298591398, 0.5272116273070274, 0.27178414915293375, 0.22072234298591398, 0.4167210056270524, 0.5941870427124346, 0.585566426436206, 0.3765077413383735, 0.2175712235520048, 0.39440167652108604, 0.6836181641363488, 0.7523949701248849, 0.2795575136380873, 0.44424396512005243, 0.27178414915293375, 0.5363119733887666, 0.77999158784324, 0.7758740086477389, 