{"data": [{"column": "tmin(degC)", "stats": {"mean": 18.314692307692308, "std": 2.346147095840208}, "iqr_outliers": [11.09, 11.25, 11.45], "zscore_outliers": [11.09, 11.25], "distribution_fit": {"params": [18.314692307692308, 2.3446426730527197], "fit": [0.06761693795691469, 0.08105795197997427, 0.13499097632010834, 0.16862487140455965, 0.09223592469489955, 0.07485438730826269, 0.07161015804422528, 0.06492400211539093, 0.1701411316487216, 0.16198561614039536, 0.13921631440554996, 0.15163987418019167, 0.10713177391549832, 0.13731701789210074, 0.16343655083615422, 0.15686845625140705, 0.10275919478251463, 0.05322076201319668, 0.1357957308783063, 0.1697806409656452, 0.11064178307929362, 0.10449267342061472, 0.045588341778194943, 0.058166956054972095, 0.11931892210216291, 0.1414452450386673, 0.12774368744616862, 0.16973132860897783, 0.05218833500212195, 0.11977368419566821, 0.07161015804422528, 0.13848434830868725, 0.09877336776577804, 0.048483037702661096, 0.15844342434430936, 0.12314986271233912, 0.09921280353763491, 0.12357180442824742, 0.16936677672513376, 0.16977769512395582, 0.12981864982104546, 0.05287533186958855, 0.08362258453841816, 0.14909003092421386, 0.1252512916548043, 0.13616017507565553, 0.09833408958267051, 0.11888987332141503, 0.12733066072597612, 0.1414452450386673, 0.14070856887016023, 0.1699810305899056, 0.06415743951351599, 0.014757848042758995, 0.001475930356218045, 0.09923985054276474, 0.1668326813665926, 0.13462276690311745, 0.11630334891861766, 0.10493273680464875, 0.09003754397924106, 0.1439715972323711, 0.1201751119485039, 0.17014065550065768, 0.09792200082680727, 0.030564046229122684, 0.12148053370143468, 0.16852070687874446, 0.10801048446919477, 0.08873984263065811, 0.09745606688504363, 0.10801048446919477, 0.08572954493298168, 0.1450285084432259, 0.1384610194273879, 0.12979358425240062, 0.11416061028697796, 0.020124211643838232, 0.008636221571007702, 0.14778730328969575, 0.16821471895223794, 0.1664051853919104, 0.16544468117137054, 0.15944415997191277, 0.1534635429549791, 0.1470934024746568, 0.14146780982163043, 0.1701312756554887, 0.12694216540205344, 0.13462276690311745, 0.037029727614860695, 0.16402925124794904, 0.17014722646162972, 0.16561038115094343, 0.11195387785266311, 0.12774368744616862, 0.08274757575550354, 0.10713177391549832, 0.15463522203512542, 0.17011880173873192, 0.12190548923798768, 0.11066872475491653, 0.02351425406536696, 0.06301593472160684, 0.16041897910263928, 0.14537724448558095, 0.11543693975340195, 0.09570257810702733, 0.14361578290533045, 0.14973978592192286, 0.1624136208279507, 0.17010323443103773, 0.16842579773907793, 0.017436937374299376, 0.0887664193133085, 0.16898163122800683, 0.11802995727488395, 0.10053190279242681, 0.13577179101340012, 0.15686845625140705, 0.14876215231799464, 0.15577050326600397, 0.16401759193667464, 0.06608203715004887, 0.011706987838199887, 0.08747301051189584, 0.06492400211539093, 0.13961474711099342, 0.12941082884796554, 0.13616017507565553, 0.04590458500017064, 0.14070856887016023, 0.10844957962271312, 0.09965238157673738, 0.13577179101340012, 0.16402925124794904, 0.1411003733438411, 0.03539967711556517, 0.0618846075766085, 0.06803342271910608, 0.14253804948474688, 0.16221411700605648, 0.11846021244056511, 0.16132371221502373, 0.10801048446919477, 0.1608693140059809, 0.1467538967415157, 0.1686189255013808, 0.14778730328969575, 0.09267145490228935, 0.02776220717422369, 0.078154552940093, 0.16111179478613694, 0.16343655083615422, 0.1698700383044265, 0.1414452450386673, 0.10976562360490559, 0.15577050326600397, 0.15740315098147548, 0.10627954315292651, 0.048503204282614724, 0.004631321258165768, 0.03381922737398678, 0.12105485745676077, 0.17006282320909547, 0.15165897212303575, 0.16577323154667373, 0.15740315098147548, 0.14941591420228437, 0.17003959943145686, 0.15919772884473915, 0.10627954315292651, 0.14975965042329697, 0.1701502263325318, 0.04312609206695927, 0.10099888924808605, 0.1699810305899056, 0.16914964283864772, 0.12691666071330063, 0.1477667079235308, 0.05565258784349445, 0.09003754397924106, 0.13221753498930383, 0.11107945099132945, 0.11154372664208452, 0.07732455472648123, 0.017918262079197028, 0.05253118816369685, 0.16862487140455965, 0.16544468117137054, 0.1660903488155956, 0.1540538730948989, 0.11759912560747049, 0.13538205207891799, 0.16936677672513376, 0.16421724573551083, 0.05710412596222897, 0.05928544389497219, 0.061136135113033827, 0.13501508078541072, 0.16684136574403804, 0.15377798313461616, 0.16943466450075023, 0.15194921697438238, 0.13959169658896511, 0.12608581361008392, 0.14941591420228437, 0.161781114387756, 0.0831977937003228, 0.058918868094645374, 0.005866685707851404, 0.1457454578492728, 0.15632420293777854, 0.1700118587891146, 0.1636329786870286, 0.1549224914175108, 0.10317226428266213, 0.16762720622374805, 0.16725130557610945, 0.1302253870900074, 0.06377581879187877, 0.01420941044488347, 0.024322519793150556, 0.07857074312897132, 0.08575589203777698, 0.15606555943067063, 0.17003798149955834, 0.15968806771788527, 0.12441324020738032, 0.13101067709525804, 0.12272712923758664, 0.14505002113584067, 0.11372540968531922, 0.06377581879187877, 0.1615606383223472, 0.1457454578492728, 0.16809782340838753, 0.1543456776663318, 0.12230362207484359, 0.12145435886732402, 0.10141180733895648, 0.11326298828695486, 0.1467538967415157, 0.12485848278732833, 0.04373832772754632, 0.04221800939017841, 0.1467748438520441, 0.0518467763945023, 0.16625399686902229, 0.1549224914175108, 0.12691666071330063, 0.14909003092421386, 0.15549014657255933, 0.13959169658896511, 0.16382666248671515, 0.15896417893267956, 0.09267145490228935, 0.024734312565971507, 0.011477790049826499, 0.16510476811233427, 0.15134763651559896, 0.1289767457523528, 0.15632420293777854, 0.12815572266614725, 0.15132840837804368, 0.15968806771788527, 0.12483269803992825, 0.1636329786870286, 0.15134763651559896, 0.032793059275155655, 0.036480858125202055, 0.1467748438520441, 0.08790363808790921, 0.15686845625140705, 0.13883941608571412, 0.13101067709525804, 0.08359642495857708, 0.12979358425240062, 0.13883941608571412, 0.17011880173873192, 0.16821471895223794, 0.012176546956071366, 0.004423339779678316, 0.14219779557432702, 0.15768302944249077, 0.15165897212303575, 0.10185186426631984, 0.16439114728565749, 0.12856674817348127, 0.14973978592192286, 0.16798462893350294, 0.16242662070292005, 0.08066316297400651, 0.08150527214498028, 0.10715882053320903, 0.16609992422715902, 0.16750214036397762, 0.1624136208279507, 0.09965238157673738, 0.15968806771788527, 0.09395329013968907, 0.14107770924334337, 0.17014722646162972, 0.1467538967415157, 0.16967562003324277, 0.020843230934156607, 0.11023079337518053, 0.08532802478153322, 0.13886265327612468, 0.16898683324996916, 0.162623609680665, 0.15549014657255933, 0.09745606688504363, 0.11239060252437136, 0.14253804948474688, 0.15970299471824448, 0.16402925124794904, 0.09180077143408769, 0.11023079337518053, 0.04529279220618155, 0.15970299471824448, 0.08701645884770881, 0.09439016697150812, 0.16198561614039536, 0.12145435886732402, 0.11500302057192355, 0.1571370053873836, 0.16457375328269588, 0.13998850042153627, 0.018409858924943883, 0.022339742632175367, 0.1302253870900074, 0.16510476811233427, 0.12441324020738032, 0.07896203080444354, 0.08274757575550354, 0.10757121034127477, 0.15549014657255933, 0.1601682622234894, 0.12399293629565995, 0.16383849162971328, 0.08575589203777698, 0.04221800939017841, 0.1540718952871682, 0.16199894444662208, 0.16994492874269507, 0.05013796105528356, 0.13221753498930383, 0.07279496588198553, 0.16936677672513376, 0.1701312756554887, 0.14973978592192286, 0.04466692206540782, 0.01650462086712249, 0.11589704638985165, 0.06454016973697425, 0.11372540968531922, 0.16654443941062153, 0.08359642495857708, 0.15686845625140705, 0.08359642495857708, 0.16697243331398984, 0.14537724448558095, 0.15968806771788527, 0.04785037701230781, 0.03032316717147052, 0.0048476707228553954, 0.1690697561783858, 0.15549014657255933, 0.17001005080830517, 