{"data": [{"column": "soil(mm)", "stats": {"mean": 22.951153846153847, "std": 15.648900881381426}, "iqr_outliers": [], "zscore_outliers": [], "distribution_fit": {"params": [22.951153846153847, 15.638866317424677], "fit": [0.011866160708022428, 0.011866160708022428, 0.020751498136526596, 0.01585818351111437, 0.011866160708022428, 0.01615462283786653, 0.025414960624356876, 0.02141501820106694, 0.018008333651743345, 0.024312525927924107, 0.02411140063510365, 0.011866160708022428, 0.011866160708022428, 0.011866160708022428, 0.011866160708022428, 0.025400428648492297, 0.02395218641146221, 0.01951105988553104, 0.01693973245824514, 0.015262380541384742, 0.014177057065247326, 0.01339483890953696, 0.012814605753700711, 0.011866160708022428, 0.011866160708022428, 0.011866160708022428, 0.022841540961620208, 0.013494383412565845, 0.011866160708022428, 0.02405919567952879, 0.019602225652045342, 0.01693973245824514, 0.015361305122285798, 0.024748700629971494, 0.02550954310658287, 0.011866160708022428, 0.011866160708022428, 0.011866160708022428, 0.011866160708022428, 0.011866160708022428, 0.022345281871775088, 0.02508922965913774, 0.020404549611156706, 0.017428050320108218, 0.015658100865340592, 0.014472258671460984, 0.013589584741774064, 0.011866160708022428, 0.011866160708022428, 0.020142977584692454, 0.022561185389534194, 0.024497054072523727, 0.019873410733825612, 0.023671149628805458, 0.022119941358482494, 0.01839083864124072, 0.01625105589766897, 0.02349184526246701, 0.022195146777098114, 0.011866160708022428, 0.011866160708022428, 0.011866160708022428, 0.011866160708022428, 0.025291685459723642, 0.02149573564375968, 0.018104317845510996, 0.016053575697562703, 0.014669467514198271, 0.0137849072582165, 0.013103921402554154, 0.012622705319525442, 0.012146738402314986, 0.011866160708022428, 0.011866160708022428, 0.013299939321206586, 0.02411140063510365, 0.02133373155736958, 0.018008333651743345, 0.01595475878088417, 0.014669467514198271, 0.0137849072582165, 0.013492136278619638, 0.012814605753700711, 0.011866160708022428, 0.011866160708022428, 0.011866160708022428, 0.018582751162159114, 0.02343046337163464, 0.011866160708022428, 0.019421640548983963, 0.011866160708022428, 0.022841540961620208, 0.018863053844352357, 0.011866160708022428, 0.022841540961620208, 0.011866160708022428, 0.011866160708022428, 0.011866160708022428, 0.011866160708022428, 0.017624488587375153, 0.011866160708022428, 0.02435918515681449, 0.019783410271030685, 0.017037682189274532, 0.015361305122285798, 0.0177213082491116, 0.02270278682202543, 0.02349184526246701, 0.011866160708022428, 0.011866160708022428, 0.021892266388212164, 0.022416800592723423, 0.01858056832558416, 0.016349702337980096, 0.014965740863140013, 0.013980750403805926, 0.013200724736914313, 0.012718553616299685, 0.012241474882300067, 0.011866160708022428, 0.011866160708022428, 0.011866160708022428, 0.025414636890730948, 0.02083455335941086, 0.01771907613156804, 0.01575701308165177, 0.014570827328034348, 0.013687177392851652, 0.013007296099434955, 0.012527067135495796, 0.012146738402314986, 0.011866160708022428, 0.011866160708022428, 0.021892266388212164, 0.022772523760261905, 0.01951105988553104, 0.02538449578578576, 0.020749530421083875, 0.01762225203733937, 0.01575701308165177, 0.014570827328034348, 0.011866160708022428, 0.022271409917659697, 0.02506018383884421, 0.011866160708022428, 0.011866160708022428, 0.011866160708022428, 0.021814539776891306, 0.012338640185929483, 0.022841540961620208, 0.018863053844352357, 0.016546765464172705, 0.015064590487921761, 0.013980750403805926, 0.01329769947254584, 0.011866160708022428, 0.011866160708022428, 0.011866160708022428, 0.011866160708022428, 0.02545236160389016, 0.011866160708022428, 0.011866160708022428, 0.011866160708022428, 0.022841540961620208, 0.018863053844352357, 0.016546765464172705, 0.015064590487921761, 0.018769185418784074, 0.011866160708022428, 0.011866160708022428, 0.024823831995670734, 0.023429037453000012, 0.022416800592723423, 0.01858056832558416, 0.016349702337980096, 0.014965740863140013, 0.013980750403805926, 0.02395218641146221, 0.011866160708022428, 0.011866160708022428, 0.011866160708022428, 0.011866160708022428, 0.020665988639637912, 0.022489336878173068, 0.02389739469300122, 0.01951105988553104, 0.01693973245824514, 0.015262380541384742, 0.014177057065247326, 0.01664516504995514, 0.01771907613156804, 0.011866160708022428, 0.011866160708022428, 0.011866160708022428, 0.011866160708022428, 0.01752748122826551, 0.025400428648492297, 0.0254625302857154, 0.0209190693425629, 0.01771907613156804, 0.015855901806580627, 0.011866160708022428, 0.022841540961620208, 0.011866160708022428, 0.011866160708022428, 0.011866160708022428, 0.011866160708022428, 0.011866160708022428, 0.022841540961620208, 0.018863053844352357, 0.016546765464172705, 0.015064590487921761, 0.013980750403805926, 0.012624914858838734, 0.011866160708022428, 0.011866160708022428, 0.011866160708022428, 0.011866160708022428, 0.024060410223425602, 0.011866160708022428, 0.011866160708022428, 0.022841540961620208, 0.018863053844352357, 0.016546765464172705, 0.011866160708022428, 0.011866160708022428, 0.024585359330449252, 0.011866160708022428, 0.011866160708022428, 0.011866160708022428, 0.011866160708022428, 0.022841540961620208, 0.018863053844352357, 0.018200069465151177, 0.016053575697562703, 0.014768171620768255, 0.0137849072582165, 0.013103921402554154, 0.025499054900895685, 0.011866160708022428, 0.011866160708022428, 0.022345281871775088, 0.02349043777280312, 0.01923537917625011, 0.02049351132284159, 0.022561185389534194, 0.018675020523117834, 0.016349702337980096, 0.014965740863140013, 0.01407884940535377, 0.016053575697562703, 0.011866160708022428, 0.011866160708022428, 0.011866160708022428, 0.022841540961620208, 0.02349184526246701, 0.011866160708022428, 0.022841540961620208, 0.018863053844352357, 0.016546765464172705, 0.015064590487921761, 0.013980750403805926, 0.01329769947254584, 0.011866160708022428, 0.011866160708022428, 0.011866160708022428, 0.017430295115655862, 0.02270278682202543, 0.018769185418784074, 0.016448275036643364, 0.014965740863140013, 0.013980750403805926, 0.013589584741774064, 0.013007296099434955, 0.012527067135495796, 0.011866160708022428, 0.011866160708022428, 0.011866160708022428, 0.018202276300184908, 0.02270278682202543, 0.018769185418784074, 0.016448275036643364, 0.014965740863140013, 0.013980750403805926, 0.01329769947254584, 0.012718553616299685, 0.01233644582834095, 0.011866160708022428, 0.011866160708022428, 0.011866160708022428, 0.011866160708022428, 0.022841540961620208, 0.022119941358482494, 0.01932762744360363, 0.016841657215165656, 0.015262380541384742, 0.014177057065247326, 0.011866160708022428, 0.011866160708022428, 0.011866160708022428, 0.011866160708022428, 0.011866160708022428, 0.011866160708022428, 0.011866160708022428, 0.011866160708022428, 0.024786294364918776, 0.020140934541839732, 0.01723317004702021, 0.015559173368084711, 0.012243663899405748, 0.024112595062805983, 0.011866160708022428, 0.011866160708022428, 0.011866160708022428, 0.011866160708022428, 0.014770450101475135, 0.022772523760261905, 0.018863053844352357, 0.016448275036643364, 0.015064590487921761, 0.013980750403805926, 0.01329769947254584, 0.012718553616299685, 0.011866160708022428, 0.011866160708022428, 0.011866160708022428, 0.011866160708022428, 0.011866160708022428, 0.022841540961620208, 0.018863053844352357, 0.016546765464172705, 0.015064590487921761, 0.013980750403805926, 0.01329769947254584, 0.012718553616299685, 0.01233644582834095, 0.011866160708022428, 0.011866160708022428, 0.011866160708022428, 0.02499703894668227, 0.011866160708022428, 0.022841540961620208, 0.018863053844352357, 0.016546765464172705, 0.015064590487921761, 0.013980750403805926, 0.01329769947254584, 0.011866160708022428, 0.011866160708022428, 0.011866160708022428, 0.011866160708022428, 0.017430295115655862, 0.011866160708022428, 0.025117981289800022, 0.020404549611156706, 0.017428050320108218, 