{"data": [{"column": "q(mm)", "stats": {"mean": 30.292435897435894, "std": 52.426794800535944}, "iqr_outliers": [86.9, 139.2, 164.6, 109.6, 108.5, 177.4, 139.6, 110.5, 106.5, 83.6, 165.2, 117.6, 225.8, 113.2, 144.0, 113.7, 182.0, 232.5, 124.2, 199.1, 124.7, 93.0, 149.8, 113.7, 248.7, 146.8, 154.4, 187.7, 88.1, 86.1, 82.2, 93.1, 91.9, 163.9, 291.4, 79.1, 192.9, 172.3, 118.8, 133.9, 113.5, 127.4, 98.4, 104.4, 184.6, 125.0, 206.6, 101.9, 109.3, 86.6, 147.6, 102.1, 81.2, 120.6, 90.0, 103.8, 229.8, 159.4, 103.1, 90.9, 95.1, 115.2, 99.7, 119.2, 105.8, 82.8, 81.1, 271.1, 118.9, 104.0, 201.9, 86.3, 233.9, 114.9, 150.2, 87.5, 106.9, 113.3, 108.1, 125.6, 100.1, 92.1, 177.9, 165.5, 178.7, 262.6, 110.2, 108.4, 112.7, 201.5, 87.7, 150.2, 210.1, 348.0, 120.9, 262.1, 177.2, 133.0, 196.8, 158.8, 137.8, 156.8, 157.0, 159.6, 98.1, 129.1, 129.1, 132.8, 244.9, 177.3, 125.7, 102.5, 93.0, 144.9, 87.7], "zscore_outliers": [225.8, 232.5, 199.1, 248.7, 187.7, 291.4, 192.9, 206.6, 229.8, 271.1, 201.9, 233.9, 262.6, 201.5, 210.1, 348.0, 262.1, 196.8, 244.9], "distribution_fit": {"params": [30.292435897435894, 52.393177102433064], "fit": [0.004247657065114604, 0.0008777689783629187, 0.006795548491141071, 0.0068140233088493755, 0.00598902049798769, 0.006707084586477086, 0.0067006269050303045, 0.006463631350985966, 0.0068140233088493755, 0.006949768287660969, 0.006820143045447404, 0.0002849017203391128, 0.0024215217901541334, 0.002499163490760079, 0.0071823707446125925, 0.006707084586477086, 0.006707084586477086, 0.006560919228377927, 0.006694151054784372, 0.006601617910972801, 0.006519616377656633, 0.006892051359214289, 0.006758084240488036, 0.007548503700338903, 0.00014782547192783132, 0.000863923824216605, 0.006477723960768298, 0.00688026484293726, 0.007571140231889481, 0.0066083412689650145, 0.006491752699940725, 0.0066350615292511345, 0.006512674853857599, 0.007010864829809648, 0.006844427661056554, 0.0075123258392323505, 0.005580293113141111, 0.002359020732737263, 0.006383910665793436, 0.0026437764915177883, 0.006707084586477086, 0.006661501541421904, 0.006547218023118611, 0.00649874294685685, 0.006519616377656633, 0.006856452509161242, 0.006826243410681515, 0.007585198774190074, 0.006469619442330304, 0.006789351890128642, 0.006713524034542348, 0.006807884262836846, 0.006668067262199811, 0.006776901570594023, 0.006477723960768298, 0.006554076983473578, 0.006770647977652063, 0.006961065235275309, 0.006681145106904292, 0.004537769862384886, 0.0002766414722721872, 0.0018995356225310987, 0.007564752454442412, 0.006719945184780967, 0.0066083412689650145, 0.0065745533026364145, 0.006456561266182859, 0.006491752699940725, 0.006547218023118611, 0.006681145106904292, 0.006807884262836846, 0.006832324342758567, 0.00734763320502049, 7.210778366742429e-06, 0.006820143045447404, 0.006674615139111425, 0.006732732334690389, 0.006567744690503733, 0.006628407572468121, 0.0067006269050303045, 0.006707084586477086, 0.006892051359214289, 0.006832324342758567, 0.0021771732249743084, 0.0007225238645398903, 0.0021444444059964, 0.006801725969514465, 0.006745445523429832, 0.007079738139141278, 0.006694151054784372, 0.006434178662758804, 0.006491752699940725, 0.006654918042160944, 0.007241974188472152, 0.006713524034542348, 0.0001150840933615422, 0.006988942441385135, 0.005504415146428516, 0.007613489303481463, 0.006770647977652063, 0.005047745515720818, 0.0066350615292511345, 0.006588119708637391, 0.006560919228377927, 0.006554076983473578, 0.0069778544460642735, 0.006661501541421904, 0.006932667815707299, 4.438040844338812e-06, 0.0015276930185767576, 0.006776901570594023, 0.006526541524306374, 0.006477723960768298, 0.006726347972886125, 0.006628407572468121, 0.006463631350985966, 0.006470685605414821, 0.006707084586477086, 0.006694151054784372, 0.007233171949578921, 4.240870580811153e-05, 0.007604969282236843, 0.006751774222736663, 0.006681145106904292, 0.0066083412689650145, 0.006519616377656633, 0.006477723960768298, 0.006745445523429832, 0.006726347972886125, 0.006764375513229423, 0.006674615139111425, 0.0015017157795078652, 0.0037202741472678945, 0.0067831362290412525, 0.006770647977652063, 0.006789351890128642, 0.006856452509161242, 0.006601617910972801, 0.006512674853857599, 0.006463631350985966, 0.006732732334690389, 0.006573524366216584, 0.006844427661056554, 0.00688026484293726, 0.007613881804921087, 0.006273739868274766, 0.007514668140777293, 0.006801725969514465, 0.006856452509161242, 0.006628407572468121, 0.006687657100457824, 0.006484746348444272, 0.006832324342758567, 0.006820143045447404, 0.006745445523429832, 0.005877042466944746, 0.000564742889887168, 0.0021444444059964, 0.0075123258392323505, 0.006732732334690389, 0.007159381435069888, 0.006955427136960079, 0.007400994873733836, 0.006484746348444272, 0.006615047376118277, 0.0068140233088493755, 0.006681145106904292, 0.006909580217425127, 0.00747401081161829, 1.2828369373520797e-06, 0.00673909820616678, 0.0068140233088493755, 0.006801725969514465, 0.006512674853857599, 0.006694151054784372, 0.006751774222736663, 0.006751774222736663, 0.006955427136960079, 0.0074421594615104916, 0.007124495453332509, 0.0006424817850744478, 0.005004026277288267, 0.006807884262836846, 0.0066083412689650145, 0.006820143045447404, 0.006654918042160944, 0.006533450225928667, 0.006567744690503733, 0.006588119708637391, 0.006932667815707299, 0.006892051359214289, 0.0004604719523086516, 8.349019214568149e-05, 0.006183323543659029, 0.004142747400199286, 0.006789351890128642, 0.006732732334690389, 0.006751774222736663, 0.00649874294685685, 0.006601617910972801, 0.006567744690503733, 0.007358757188067969, 0.006745445523429832, 0.004317810127061573, 0.007477161776617073, 0.007609428325742145, 0.007178385768868515, 0.004661167940076112, 0.006547218023118611, 0.0066083412689650145, 0.006668067262199811, 0.00649874294685685, 0.006661501541421904, 0.007021698318337712, 0.0072927810482685635, 0.003711778524834413, 0.005852777194507522, 0.0038141020601476032, 0.0067831362290412525, 0.007201621830603785, 0.0062438190594162665, 0.006512674853857599, 0.006505717020894161, 0.006719945184780967, 0.0069944548239236175, 0.006228776062261197, 0.006795548491141071, 0.00029480205132698096, 3.079425979068214e-08, 0.007016292263053022, 0.007572439519965468, 0.006674615139111425, 0.0067006269050303045, 0.006758084240488036, 0.006581344997675834, 0.006567744690503733, 0.006726347972886125, 0.006770647977652063, 0.0069778544460642735, 0.007610810394018702, 0.006627399427021241, 0.0067831362290412525, 0.006770647977652063, 0.006601617910972801, 0.0068624353540982655, 0.006519616377656633, 0.006581344997675834, 0.006477723960768298, 0.0068140233088493755, 0.006892051359214289, 0.006892051359214289, 0.0049339270066658435, 6.165925050450788e-05, 0.007492631002513501, 0.0067006269050303045, 0.006856452509161242, 0.00760013768695148, 0.006449475419804512, 0.006732732334690389, 0.006581344997675834, 0.006826243410681515, 0.006820143045447404, 0.006770647977652063, 0.00019336987888624637, 0.0018279233497872423, 0.0010776525576779994, 0.006807884262836846, 0.006661501541421904, 0.006745445523429832, 0.006628407572468121, 0.006560919228377927, 0.0065745533026364145, 0.006874341581574189, 0.006807884262836846, 0.006789351890128642, 0.0021575000539987123, 0.0013667314463881516, 0.007109516884502212, 0.006795548491141071, 0.006668067262199811, 0.006512674853857599, 0.006681145106904292, 0.006449475419804512, 0.006588119708637391, 0.00649874294685685, 0.0068624353540982655, 0.006764375513229423, 0.0032711082857989743, 0.007423463918448258, 0.002800239730371825, 9.955798981175056e-05, 0.0066350615292511345, 0.006795548491141071, 0.006713524034542348, 0.006726347972886125, 0.006588119708637391, 0.006654918042160944, 0.007613027843251853, 0.0075693463636210215, 0.0014862769724326313, 2.646684036566786e-05, 0.007109516884502212, 0.006885276347201718, 0.0029923491201240614, 0.002442561147691282, 0.0066083412689650145, 0.006687657100457824, 0.006449475419804512, 0.0068140233088493755, 